RFID,Titre,Auteur,Edition,DateParution,NombrePages
123456,La peste,Albert Camus,Gallimard,1947,336
789012,Les misérables,Victor Hugo,Folio Junior,2011,291
345678,L'Étranger,Albert Camus,Gallimard,1942,184
901234,Le Petit Prince,Antoine de Saint-Exupéry,Gallimard,1943,96
567890,Candide,Voltaire,Folio,1993,176
112233,Madame Bovary,Gustave Flaubert,GF,1857,480
445566,Germinal,Émile Zola,Folio,2002,672
778899,Le Rouge et le Noir,Stendhal,Folio,2000,576
223344,Notre-Dame de Paris,Victor Hugo,Folio,2002,944
556677,Les Fleurs du mal,Charles Baudelaire,Folio,1991,384
